<?xml version="1.0" encoding="UTF-8"?>
<!DOCTYPE suite SYSTEM "http://testng.org/testng-1.0.dtd">
<suite name="Suite">
<parameter name="UserName" value="rcas_mithun" />
<parameter name="Password" value="Skytrac3#" />
<parameter name="Label" value="Geo1" />
<parameter name="Radius" value="100" />
<parameter name="Latitude" value="38 : 5.94674 N" />
<parameter name="Longitude" value="122 : 15.95764 W" />


<parameter name="Name" value="Georef" />
<parameter name="Ident" value="abc" />
<parameter name="Region" value="Denmark" />
<parameter name="LatitudeText1" value="38 : 5.94674 N" />
<parameter name="LongitudeText1" value="122 : 15.95764 W" />
  <test thread-count="5" name="Test">
    <classes>
      <class name="Sanity.Admin"/>
    
    </classes>
  </test> <!-- Test -->
</suite> <!-- Suite -->
